{"Wins": 2, "Losses": 0, "Draws": 0, "Win-Rate": 1.0, "Overall Win-Rate": 1.0, "Overall Draw-Rate": 0.0, "Time": 29.423276856003213, "Selfplay-Time Iteration": 13.12921788499807, "Training-Time Iteration": 3.9008050760021433, "Evaluation-Time Iteration": 12.393245618994115, "Selfplay-Time Iteration %": 44.621887250071346, "Traing-Time Iteration %": 13.257551653915538, "Evaluation-Time Iteration %": 42.120559923457876, "Selfplay-Time": 13.12921788499807, "Selfplay-Time %": 44.621875222301504, "Training-Time": 3.9008050760021433, "Training-Time %": 13.257548080360277, "Evaluation-Time": 12.393245618994115, "Evaluation-Time %": 42.12054856991745, "Generation": 1, "loss": 1.4453696608543396, "pi_loss": 1.354533076286316, "v_loss": 0.0908365398645401, "_runtime": 31, "_timestamp": 1618409766, "_step": 0}