{"Wins": 1, "Losses": 1, "Draws": 0, "Win-Rate": 0.5, "Overall Win-Rate": 0.5, "Overall Draw-Rate": 0.0, "Time": 28.034971013999893, "Selfplay-Time Iteration": 12.11030606899294, "Training-Time Iteration": 3.479925373001606, "Evaluation-Time Iteration": 12.44472914400103, "Selfplay-Time Iteration %": 43.19715719941303, "Traing-Time Iteration %": 12.412806292704776, "Evaluation-Time Iteration %": 44.39003589793108, "Selfplay-Time": 12.11030606899294, "Selfplay-Time %": 43.19714139510038, "Training-Time": 3.479925373001606, "Training-Time %": 12.412801751297788, "Evaluation-Time": 12.44472914400103, "Evaluation-Time %": 44.390019657186286, "Generation": 0, "loss": 2.06514012996967, "pi_loss": 1.9191886186599731, "v_loss": 0.20032329857349396, "_runtime": 30, "_timestamp": 1618410166, "_step": 0}